trace,binary,clients,update_interval,rc,seconds,objects,miss,get_mean,get_p50,get_p99,set_mean,set_p50,set_p99,gets_per_sec,allocated,rss_gib,delta
uniform_baseline,flat,1,0,0,49,829091,0.4661,5213,4875,14325,11769,10358,32828,191813,15141194256
1
1,15.28,7
uniform_baseline,flat-merged,1,0,0,49,831677,0.4652,5301,4958,14489,11862,10463,33006,188644,15169826000
1
1,15.31,0
uniform_baseline,tier,1,0,0,66,835392,0.4641,13146,9180,58794,12433,9358,53205,76070,15276362464
1
1,15.98,4
uniform_baseline,tier-merged,1,0,0,73,831677,0.4652,13572,9914,54892,15302,9657,88932,73683,15184093632
1
1,15.85,0
uniform_baseline,tier,5,0,0,37,835390,0.4640,14056,8846,60981,17168,13438,76380,71141,15341344200
1
1,16.52,174
uniform_baseline,tier-merged,5,0,0,41,831686,0.4652,16620,10678,71487,19028,14538,90292,60168,15246429152
1
1,16.20,0
uniform_baseline,tier-merged,5,64,0,40,831686,0.4652,16751,10775,72034,19000,14521,90943,59698,15242293744
1
1,16.18,0
low_alpha_cold,tier,1,0,0,113,835096,0.2134,10078,6842,52173,11453,8681,51388,99227,15618032352
1
1,16.28,47
low_alpha_cold,tier-merged,1,0,0,104,831474,0.2143,9416,6898,39993,10543,8571,38580,106199,15450730976
1
1,16.11,0
low_alpha_cold,tier,5,0,0,59,835099,0.2134,13891,8531,62572,16452,12327,70933,71986,15699748392
1
1,16.71,12
low_alpha_cold,tier-merged,5,0,0,63,831473,0.2143,15804,9835,70049,17517,13073,83448,63275,15528588520
1
1,16.31,0
low_alpha_cold,tier-merged,5,64,0,63,831472,0.2143,15787,9889,69122,17629,13192,84388,63345,15528293480
1
1,16.31,0
standard_web,tier,1,0,0,163,835675,0.0852,6070,4593,34437,10366,8494,41154,164752,16070865696
1
1,16.43,44
standard_web,tier-merged,1,0,0,150,832033,0.0854,5584,4519,23452,9826,8468,31569,179093,15899790800
1
1,16.25,0
standard_web,tier,5,0,0,94,835674,0.0852,9270,6179,48033,13442,9248,64216,107869,16171752192
1
1,16.51,10
standard_web,tier-merged,5,0,0,87,832029,0.0854,9318,6129,48186,13354,10036,57372,107314,16002946656
1
1,16.34,0
standard_web,tier-merged,5,64,0,89,832029,0.0854,9270,6054,48317,13569,10265,58581,107876,16000130672
1
1,16.34,0
