policy,cluster,design,get_mean,get_p50,get_p99,set_mean,set_p50,objects,miss_exact,get_count,set_count,wall_s,promotions,demotions,fast_obj,slow_obj
2q-0.25-0.5,13,flat,888,245,8763,2836,708,1899593,0.4797169582020785,78601798,72473274,488.874,-1,-1,-1,-1
2q-compact-0.25-0.5,13,flat,867,247,8567,2781,684,1907635,0.4797169383444014,78601801,72473271,475.942,-1,-1,-1,-1
arc,13,flat,819,253,7715,3009,782,2031198,0.4976689205218449,75889704,75185368,504.219,-1,-1,-1,-1
clock,13,flat,902,270,8703,3022,739,1906484,0.4797175804092948,78601704,72473368,506.742,-1,-1,-1,-1
clock-compact,13,flat,885,263,8609,2928,712,1915696,0.4797175804092948,78601704,72473368,497.139,-1,-1,-1,-1
fifo,13,flat,889,267,8662,2862,702,1902130,0.4797174943593606,78601717,72473355,494.487,-1,-1,-1,-1
fifo-compact,13,flat,876,262,8503,2823,693,1911286,0.47971748112090923,78601719,72473353,482.802,-1,-1,-1,-1
lfu,13,flat,652,230,6431,2845,780,4250935,0.5524145968965681,67618997,83456075,504.25,-1,-1,-1,-1
lfu-compact,13,flat,640,230,6405,2810,784,4318788,0.5589739318476049,66628045,84447027,499.102,-1,-1,-1,-1
lru,13,flat,886,263,8653,2934,774,1901970,0.4797169979174327,78601792,72473280,501.539,-1,-1,-1,-1
lru-compact,13,flat,879,254,8585,2891,733,1911194,0.47971699129820705,78601793,72473279,491.464,-1,-1,-1,-1
mru,13,flat,624,230,6268,2550,701,1602861,0.5595753017413753,66537193,84537879,465.537,-1,-1,-1,-1
mru-compact,13,flat,603,219,6159,2486,680,1604479,0.5624846897309438,66097657,84977415,456.65,-1,-1,-1,-1
s3-fifo-0.1,13,flat,924,266,8755,3134,904,2293675,0.47973486982683683,78599092,72475980,512.99,-1,-1,-1,-1
s3-fifo-compact-0.1,13,flat,909,265,8554,3099,916,2301607,0.47973391665833526,78599236,72475836,506.701,-1,-1,-1,-1
sieve,13,flat,910,252,8745,3247,866,2004312,0.4797448516192003,78597584,72477488,532.635,-1,-1,-1,-1
sieve-compact,13,flat,921,257,8878,3202,860,1969256,0.4797466586678178,78597311,72477761,517.492,-1,-1,-1,-1
2q-compact-hybrid-0.1,13,hybrid,964,236,11001,3267,817,2443963,0.5413209665721689,69294968,81780104,607.977,28188495,27544804,643691,1800272
2q-fast-admission-compact-hybrid-0.1,13,hybrid,844,248,8907,3163,783,2433270,0.5426919935540392,69087840,81987232,569.478,91,27800608,419509,2013761
2q-fast-admission-hybrid-0.1,13,hybrid,836,237,8894,3080,754,2389672,0.537443589634695,69880743,81194329,558.028,93,28182170,395500,1994172
2q-fast-admission-reprieve-compact-hybrid-0.1,13,hybrid,1155,272,12743,3878,872,2031448,0.47972296845901885,78600890,72474182,649.034,180,64366911,548206,1483242
2q-fast-admission-reprieve-hybrid-0.1,13,hybrid,1138,267,12656,3742,826,2015473,0.4797230809858558,78600873,72474199,639.725,185,66177606,542360,1473113
2q-full-fast-admission-compact-hybrid-0.25-0.5,13,hybrid,1058,277,11570,3246,767,1440386,0.47971760688619763,78601700,72473372,561.067,932,72038993,435311,1005075
2q-full-fast-admission-hybrid-0.25-0.5,13,hybrid,1044,279,11461,3186,741,1440386,0.47971760688619763,78601700,72473372,554.818,932,72038993,435311,1005075
2q-ghost-compact-hybrid-0.1,13,hybrid,1094,248,13470,3592,831,2104992,0.5309131343654101,70867332,80207740,660.643,35271482,34691450,580032,1524960
2q-ghost-hybrid-0.1,13,hybrid,1115,269,13586,3552,807,2092080,0.5247411895987711,71799759,79275313,659.825,34848209,34288292,559917,1532163
2q-hybrid-0.1,13,hybrid,986,236,11445,3266,803,2386491,0.5329894795615255,70553648,80521424,602.186,28711346,28103557,607789,1778702
fifo-compact-hybrid,13,hybrid,1418,272,19574,4143,787,1955496,0.47971741492865216,78601729,72473343,764.339,0,71920294,553049,1402447
fifo-hybrid,13,hybrid,1430,282,19651,4140,778,1940200,0.47971742816710355,78601727,72473345,761.426,0,71929371,543974,1396226
lfu-compact-hybrid,13,hybrid,697,235,7072,2923,911,4418091,0.5556203276209593,67134691,83940381,509.698,1987651,1410883,1160235,3257856
lfu-hybrid,13,hybrid,761,236,7793,3023,938,4222377,0.5436106758896663,68949050,82126022,522.137,1820088,1411078,985567,3236810
lru-compact-hybrid,13,hybrid,1416,276,19544,4172,782,1955425,0.47971692510595,78601803,72473269,760.872,714,71918867,555116,1400309
lru-hybrid,13,hybrid,1420,279,19457,4183,793,1940202,0.4797169449636271,78601800,72473272,764.257,732,71928482,545522,1394680
lru-lfu-compact-hybrid-2,13,hybrid,1358,278,17660,4284,858,3583425,0.4797215387062665,78601106,72473966,753.354,89,67640821,492846,3090579
lru-lfu-hybrid-2,13,hybrid,1250,281,15131,4372,934,3546559,0.4797217769983919,78601070,72474002,716.952,88,60445968,471915,3074644
lru-sized-compact-hybrid,13,hybrid,1388,279,18257,4213,792,1581638,0.47971727592491237,78601750,72473322,757.084,358,71261563,1212117,369521
lru-sized-hybrid,13,hybrid,1391,275,18256,4200,812,1562956,0.47971728916336376,78601748,72473324,751.721,366,71286476,1187214,375742
s3-fifo-compact-hybrid-0.1,13,hybrid,1743,286,25098,4699,1168,2119939,0.4797231537973386,78600862,72474210,835.143,52874073,52260838,613235,1506704
s3-fifo-ghost-compact-hybrid-0.1,13,hybrid,1755,287,25277,4725,1190,2119862,0.47972311408198437,78600868,72474204,834.77,52875081,52267042,608039,1511823
s3-fifo-ghost-hybrid-0.1,13,hybrid,1748,282,25400,4663,1163,2105544,0.4797238091006834,78600763,72474309,828.298,52875103,52264909,610194,1495350
s3-fifo-ghost-lazy-demotion-compact-hybrid-0.1,13,hybrid,1581,277,21839,4317,1130,2054257,0.47972309422430726,78600871,72474201,752.886,36265261,35694118,571143,1483114
s3-fifo-ghost-lazy-demotion-fast-admission-compact-hybrid-0.1,13,hybrid,1149,268,12539,3873,910,2048560,0.4797230809858558,78600873,72474199,644.644,188,35861488,553954,1494606
s3-fifo-ghost-lazy-demotion-fast-admission-hybrid-0.1,13,hybrid,1129,270,12429,3751,870,2034230,0.47972374290842634,78600773,72474299,640.568,193,35870663,530809,1503421
s3-fifo-ghost-lazy-demotion-fast-admission-midpoint-compact-hybrid-0.1,13,hybrid,1163,279,12601,3907,905,2048757,0.47972308760508153,78600872,72474200,646.62,196,35861915,553519,1495238
s3-fifo-ghost-lazy-demotion-fast-admission-midpoint-hybrid-0.1,13,hybrid,1130,267,12495,3729,854,2034142,0.47972374290842634,78600773,72474299,632.367,197,35870234,531293,1502849
s3-fifo-ghost-lazy-demotion-hybrid-0.1,13,hybrid,1576,279,22093,4215,1088,2040471,0.47972375614687773,78600771,72474301,746.891,36265264,35693066,572198,1468273
s3-fifo-hybrid-0.1,13,hybrid,1761,291,25564,4634,1144,2105717,0.4797238951506176,78600750,72474322,822.347,52874078,52266493,607585,1498132
s3-fifo-lazy-demotion-fast-admission-midpoint-reprieve-compact-hybrid-0.1,13,hybrid,1230,282,14048,4125,921,1969065,0.47971718325575247,78601764,72473308,685.753,1079,71916166,558221,1410844
s3-fifo-lazy-demotion-fast-admission-midpoint-reprieve-hybrid-0.1,13,hybrid,1208,272,14029,4012,872,1952214,0.47971718325575247,78601764,72473308,676.496,1101,71925843,548566,1403648
s3-fifo-lazy-demotion-fast-admission-reprieve-compact-hybrid-0.1,13,hybrid,1233,288,13997,4130,930,1969074,0.47971718325575247,78601764,72473308,686.403,1072,71916272,558108,1410966
s3-fifo-lazy-demotion-fast-admission-reprieve-hybrid-0.1,13,hybrid,1217,280,13997,4031,886,1952327,0.4797171898749782,78601763,72473309,682.414,1093,71925574,548828,1403499
s3-fifo-lazy-demotion-fast-admission-split-slow-reprieve-compact-hybrid-0.1,13,hybrid,1239,284,14108,4142,922,1968993,0.47971718325575247,78601764,72473308,694.217,1086,71916571,557823,1411170
s3-fifo-lazy-demotion-fast-admission-split-slow-reprieve-hybrid-0.1,13,hybrid,1231,280,14233,4056,898,1952212,0.47971718325575247,78601764,72473308,686.926,1104,71925874,548538,1403674
s3-fifo-lazy-demotion-reprieve-compact-hybrid-0.1,13,hybrid,1565,276,21531,4454,983,1977281,0.4797173553556208,78601738,72473334,765.48,36265101,35688196,576905,1400376
s3-fifo-lazy-demotion-reprieve-hybrid-0.1,13,hybrid,1580,282,21919,4418,973,1959646,0.4797173685940722,78601736,72473336,753.755,36265105,35705081,560024,1399622
2q-0.25-0.5,53,flat,3332,2157,12628,7277,2139,915291,0.012695251252493833,165118960,2123181,897.231,-1,-1,-1,-1
2q-compact-0.25-0.5,53,flat,3319,2136,12719,7208,2067,919061,0.012646967967242179,165127035,2115106,896.716,-1,-1,-1,-1
arc,53,flat,3389,2196,12785,7338,1883,828188,0.013218390931744888,165031469,2210672,906.128,-1,-1,-1,-1
clock,53,flat,3341,2160,12652,7466,2162,875759,0.012493460006590086,165152708,2089433,894.046,-1,-1,-1,-1
clock-compact,53,flat,3335,2160,12656,7556,2240,879565,0.01245038473885598,165159912,2082229,888.64,-1,-1,-1,-1
fifo,53,flat,3404,2212,13029,7906,3407,1026409,0.014766971920073662,164772481,2469660,912.351,-1,-1,-1,-1
fifo-compact,53,flat,3386,2200,12847,7849,3333,1029518,0.014699423155555034,164783778,2458363,904.116,-1,-1,-1,-1
lfu,53,flat,3413,2241,13012,4098,1167,840692,0.026784792237262735,162762595,4479546,902.916,-1,-1,-1,-1
lfu-compact,53,flat,3363,2207,12767,4028,1111,845140,0.02678417636377903,162762698,4479443,897.636,-1,-1,-1,-1
lru,53,flat,3381,2185,12892,9036,2290,883440,0.012418407152536991,165165260,2076881,907.819,-1,-1,-1,-1
lru-compact,53,flat,3328,2145,12795,7809,2136,886669,0.012373579934019142,165172757,2069384,897.95,-1,-1,-1,-1
mru,53,flat,3395,2228,13155,4924,2789,1321145,0.14157284676234802,143565195,23676946,934.118,-1,-1,-1,-1
mru-compact,53,flat,3336,2197,12816,4771,2766,1323462,0.14072750360209751,143706572,23535569,920.766,-1,-1,-1,-1
s3-fifo-0.1,53,flat,3368,2171,12848,7590,2137,912104,0.012365597496147816,165174092,2068049,898.25,-1,-1,-1,-1
sieve,53,flat,3341,2154,12774,7341,2025,840610,0.012243869803125756,165194450,2047691,895.972,-1,-1,-1,-1
sieve-compact,53,flat,3309,2133,12640,7270,1952,842897,0.012209350991267206,165200223,2041918,886.796,-1,-1,-1,-1
2q-compact-hybrid-0.1,53,hybrid,3613,2264,16825,4447,2126,843777,0.023842943986228927,163254596,3987545,971.622,4681986,4469782,212204,631573
2q-fast-admission-compact-hybrid-0.1,53,hybrid,3740,2275,17920,4209,1306,843903,0.02386186864230589,163251431,3990710,990.501,5092793,5915159,147066,696837
2q-fast-admission-hybrid-0.1,53,hybrid,3683,2240,17697,4061,1256,837329,0.024225467192506223,163190622,4051519,985.95,5126226,5944864,146543,690786
2q-fast-admission-reprieve-compact-hybrid-0.1,53,hybrid,3754,2269,18051,6417,2166,919289,0.012239684255178246,165195150,2046991,1007.761,5308948,6938270,366670,552619
2q-fast-admission-reprieve-hybrid-0.1,53,hybrid,3654,2178,17869,6263,2122,911418,0.012299555528890293,165185137,2057004,976.626,5335488,6986359,360559,550859
2q-full-fast-admission-compact-hybrid-0.25-0.5,53,hybrid,3895,2283,20429,6150,2105,940735,0.012408015034918741,165166998,2075143,1025.667,7693990,9299857,469276,471459
2q-full-fast-admission-hybrid-0.25-0.5,53,hybrid,3778,2185,20401,5939,2020,934013,0.012481848100712846,165154650,2087491,1005.88,7824654,9447460,464685,469328
2q-ghost-compact-hybrid-0.1,53,hybrid,3632,2233,17163,5825,3281,855657,0.0141306610036761,164878899,2363242,967.707,5461116,5223010,238106,617551
2q-ghost-hybrid-0.1,53,hybrid,3453,2105,16829,5707,3241,851538,0.014207208696281878,164866097,2376044,933.729,5486211,5248417,237794,613744
2q-hybrid-0.1,53,hybrid,3596,2261,16788,4440,2133,837391,0.02419360919327145,163195950,4046191,966.15,4693915,4486281,207634,629757
fifo-compact-hybrid,53,hybrid,4678,2430,20378,7151,2953,1043724,0.014426692851295176,164829390,2412751,1142.765,0,2069764,342987,700737
fifo-hybrid,53,hybrid,4666,2416,20401,7096,2970,1038946,0.014512831428054967,164814984,2427157,1132.911,0,2089552,337605,701341
lfu-compact-hybrid,53,hybrid,3543,2238,15545,4586,1826,858594,0.02564285517009735,162953575,4288566,929.656,451858,469753,230491,628103
lfu-hybrid,53,hybrid,3569,2244,15736,4619,1825,852736,0.025781534332306833,162930382,4311759,934.008,447304,468943,225396,627340
lru-compact-hybrid,53,hybrid,3715,2253,17499,6231,2109,902774,0.01216233532910823,165208086,2034055,992.291,4480373,6261616,252812,649962
lru-hybrid,53,hybrid,3660,2219,17314,6197,2115,896977,0.012234488196369119,165196019,2046122,977.69,4499999,6295684,250437,646540
lru-lfu-compact-hybrid-2,53,hybrid,3692,2234,17519,6395,2168,967947,0.012820722021251809,165097976,2144165,989.214,4372728,6265529,251364,716583
lru-lfu-hybrid-2,53,hybrid,3651,2205,17388,6382,2189,962908,0.012912863869639172,165082566,2159575,983.187,4389503,6299007,250071,712837
lru-sized-compact-hybrid,53,hybrid,3807,2232,18946,6838,2384,1079986,0.011602673754338029,165301685,1940456,1013.084,3752168,5085369,607255,472731
lru-sized-hybrid,53,hybrid,3771,2205,18999,6760,2341,1071834,0.011673427452713608,165289852,1952289,998.042,3775204,5128292,599201,472633
s3-fifo-compact-hybrid-0.1,53,hybrid,4865,2454,21453,6727,4299,915011,0.013918716814322534,164914345,2327796,1186.641,3667708,3372984,294724,620287
s3-fifo-ghost-compact-hybrid-0.1,53,hybrid,4882,2472,21758,6525,4154,962418,0.013185402834564286,165036986,2205155,1183.823,4303236,4017005,286231,676187
s3-fifo-ghost-hybrid-0.1,53,hybrid,4765,2333,21808,6418,4120,950162,0.013227371921769406,165029967,2212174,1158.79,4305739,4024248,281491,668671
s3-fifo-ghost-lazy-demotion-compact-hybrid-0.1,53,hybrid,3817,2210,17883,6521,4184,958973,0.013127385160657564,165046689,2195452,990.637,3063177,2811683,251494,707479
s3-fifo-ghost-lazy-demotion-fast-admission-compact-hybrid-0.1,53,hybrid,3998,2241,18706,6596,2288,959649,0.013140091288355367,165044564,2197577,1025.331,1743769,3093338,430409,529240
s3-fifo-ghost-lazy-demotion-fast-admission-hybrid-0.1,53,hybrid,3853,2131,18511,6259,2118,947438,0.01318854199552492,165036461,2205680,994.651,1749008,3102814,415207,532231
s3-fifo-ghost-lazy-demotion-fast-admission-midpoint-compact-hybrid-0.1,53,hybrid,4025,2276,18866,6561,2328,960045,0.013141777466242793,165044282,2197859,1033.218,1859379,3215189,424085,535960
s3-fifo-ghost-lazy-demotion-fast-admission-midpoint-hybrid-0.1,53,hybrid,3883,2160,18796,6509,2160,947940,0.013189241579967575,165036344,2205797,998.447,1867049,3225026,411070,536870
s3-fifo-ghost-lazy-demotion-hybrid-0.1,53,hybrid,3681,2102,17801,6353,4066,946789,0.013170825168998524,165039424,2202717,961.835,3070841,2820685,250156,696633
s3-fifo-hybrid-0.1,53,hybrid,4719,2307,21154,6523,4196,905753,0.013949761621384648,164909153,2332988,1147.069,3648761,3354288,294473,611280
s3-fifo-lazy-demotion-fast-admission-midpoint-reprieve-compact-hybrid-0.1,53,hybrid,4003,2269,18849,6480,2237,945110,0.012509269419123259,165150064,2092077,1024.209,1989764,3715388,366453,578657
s3-fifo-lazy-demotion-fast-admission-midpoint-reprieve-hybrid-0.1,53,hybrid,3911,2186,18896,6723,2148,938236,0.012581822903116267,165137930,2104211,1003.846,2009062,3752032,361241,576995
s3-fifo-lazy-demotion-fast-admission-reprieve-compact-hybrid-0.1,53,hybrid,4000,2254,18645,6529,2209,945064,0.012503595011977274,165151013,2091128,1020.713,1873004,3597394,366738,578326
s3-fifo-lazy-demotion-fast-admission-reprieve-hybrid-0.1,53,hybrid,4002,2261,18786,6901,2244,937581,0.012574223143914428,165139201,2102940,1024.044,1891708,3635566,359082,578499
s3-fifo-lazy-demotion-fast-admission-split-slow-reprieve-compact-hybrid-0.1,53,hybrid,3948,2239,18894,6453,2199,948281,0.012541791126675424,165144625,2097516,1015.617,2759085,4494842,361759,586522
s3-fifo-lazy-demotion-fast-admission-split-slow-reprieve-hybrid-0.1,53,hybrid,3936,2235,18871,6441,2255,940196,0.012619199846287545,165131679,2110462,1013.952,2778542,4529686,359318,580878
s3-fifo-lazy-demotion-reprieve-compact-hybrid-0.1,53,hybrid,3811,2233,17895,7746,4188,948613,0.012546347394584,165143863,2098278,994.952,2992509,2747329,245180,703433
s3-fifo-lazy-demotion-reprieve-hybrid-0.1,53,hybrid,3781,2212,17831,7765,4256,941682,0.012627612797662044,165130272,2111869,985.548,3017460,2773827,243633,698049
